Date,SpeciesID,Treatment_temp,Treatment_water,red_class,green_class,blue_class,red,green,blue,col_hex,col_freq,col_total,col_share
2021-09-16,PIPO49,Ambient,Drought,65-96,97-128,65-96,84,112,78,#54704e,291675,1481815,19.7
2021-09-16,PIPO44,Ambient,Drought,65-96,97-128,65-96,84,111,79,#546f4f,247717,1330557,18.6
2021-09-16,PIPO14,Ambient,Drought,97-128,129-160,97-128,115,144,111,#73906f,231364,1352400,17.1
2021-09-16,PIPO44,Ambient,Drought,33-64,65-96,33-64,53,79,47,#354f2f,219747,1330557,16.5
2021-09-16,PIPO34,Ambient+HW,Drought,97-128,129-160,97-128,117,143,111,#758f6f,234196,1533243,15.3
2021-09-16,PIPO39,Ambient,Drought,65-96,97-128,65-96,85,111,78,#556f4e,191438,1326007,14.4
2021-09-16,PIPO23,Ambient+HW,Drought,97-128,129-160,97-128,116,144,110,#74906e,256250,1835670,14
2021-09-16,PIPO29,Ambient+HW,Drought,65-96,97-128,33-64,82,111,49,#526f31,212652,1554758,13.7
2021-09-16,PIPO42,Ambient+HW,Drought,65-96,97-128,33-64,82,111,49,#526f31,162194,1258303,12.9
2021-09-16,PIPO34,Ambient+HW,Drought,65-96,97-128,65-96,86,111,78,#566f4e,189333,1533243,12.3
2021-09-16,PIPO23,Ambient+HW,Drought,65-96,97-128,65-96,84,112,78,#54704e,223450,1835670,12.2
2021-09-16,PIPO49,Ambient,Drought,97-128,129-160,97-128,116,143,111,#748f6f,180682,1481815,12.2
2021-09-16,PIPO14,Ambient,Drought,65-96,97-128,65-96,83,112,78,#53704e,163962,1352400,12.1
2021-09-16,PIPO42,Ambient+HW,Drought,97-128,129-160,65-96,115,142,80,#738e50,148344,1258303,11.8
2021-09-16,PIPO10,Ambient+HW,Drought,97-128,129-160,97-128,118,143,110,#768f6e,185628,1623523,11.4
2021-09-16,PIPO39,Ambient,Drought,97-128,129-160,97-128,117,143,110,#758f6e,150482,1326007,11.3
2021-09-16,PIPO29,Ambient+HW,Drought,97-128,129-160,65-96,114,142,81,#728e51,168783,1554758,10.9
2021-09-16,PIPO34,Ambient+HW,Drought,97-128,97-128,65-96,112,113,81,#707151,165761,1533243,10.8
2021-09-16,PIPO45,Ambient,Drought,97-128,97-128,65-96,112,113,80,#707150,126292,1240543,10.2
2021-09-16,PIPO10,Ambient+HW,Drought,65-96,65-96,33-64,79,81,49,#4f5131,162348,1623523,10
2021-09-16,PIPO45,Ambient,Drought,97-128,129-160,97-128,118,143,110,#768f6e,124505,1240543,10
2021-09-16,PIPO49,Ambient,Drought,65-96,97-128,33-64,81,110,51,#516e33,146635,1481815,9.9
2021-09-16,PIPO44,Ambient,Drought,97-128,129-160,97-128,116,142,112,#748e70,130976,1330557,9.8
2021-09-16,PIPO10,Ambient+HW,Drought,65-96,97-128,33-64,80,112,50,#507032,158288,1623523,9.7
2021-09-16,PIPO39,Ambient,Drought,33-64,65-96,33-64,53,79,46,#354f2e,127077,1326007,9.6
2021-09-16,PIPO45,Ambient,Drought,129-160,129-160,97-128,144,145,112,#909170,118592,1240543,9.6
2021-09-16,PIPO49,Ambient,Drought,97-128,129-160,65-96,114,142,82,#728e52,141666,1481815,9.6
2021-09-16,PIPO23,Ambient+HW,Drought,33-64,65-96,33-64,53,80,46,#35502e,174789,1835670,9.5
2021-09-16,PIPO44,Ambient,Drought,97-128,97-128,97-128,112,119,107,#70776b,126588,1330557,9.5
2021-09-16,PIPO49,Ambient,Drought,97-128,97-128,65-96,111,113,81,#6f7151,138872,1481815,9.4
2021-09-16,PIPO14,Ambient,Drought,97-128,97-128,65-96,112,113,80,#707150,123127,1352400,9.1
2021-09-16,PIPO29,Ambient+HW,Drought,97-128,129-160,97-128,118,143,109,#768f6d,142058,1554758,9.1
2021-09-16,PIPO39,Ambient,Drought,65-96,97-128,33-64,80,110,52,#506e34,121151,1326007,9.1
2021-09-16,PIPO39,Ambient,Drought,97-128,97-128,65-96,111,113,81,#6f7151,118694,1326007,9
2021-09-16,PIPO42,Ambient+HW,Drought,97-128,129-160,97-128,120,142,109,#788e6d,111494,1258303,8.9
2021-09-16,PIPO10,Ambient+HW,Drought,65-96,97-128,65-96,86,111,77,#566f4d,142593,1623523,8.8
2021-09-16,PIPO23,Ambient+HW,Drought,97-128,97-128,65-96,112,113,80,#707150,155216,1835670,8.5
2021-09-16,PIPO34,Ambient+HW,Drought,65-96,65-96,33-64,79,81,49,#4f5131,129977,1533243,8.5
2021-09-16,PIPO10,Ambient+HW,Drought,33-64,65-96,33-64,55,79,45,#374f2d,135414,1623523,8.3
2021-09-16,PIPO42,Ambient+HW,Drought,97-128,97-128,65-96,112,113,80,#707150,104619,1258303,8.3
2021-09-16,PIPO29,Ambient+HW,Drought,65-96,65-96,33-64,79,82,48,#4f5230,124053,1554758,8
2021-09-16,PIPO45,Ambient,Drought,97-128,129-160,65-96,114,141,82,#728d52,97405,1240543,7.9
2021-09-16,PIPO10,Ambient+HW,Drought,97-128,97-128,65-96,111,113,81,#6f7151,126039,1623523,7.8
2021-09-16,PIPO23,Ambient+HW,Drought,65-96,65-96,33-64,79,81,48,#4f5130,142995,1835670,7.8
2021-09-16,PIPO39,Ambient,Drought,65-96,65-96,33-64,78,81,50,#4e5132,101958,1326007,7.7
2021-09-16,PIPO42,Ambient+HW,Drought,129-160,129-160,97-128,144,145,112,#909170,96908,1258303,7.7
2021-09-16,PIPO10,Ambient+HW,Drought,97-128,129-160,65-96,112,143,82,#708f52,123765,1623523,7.6
2021-09-16,PIPO29,Ambient+HW,Drought,97-128,97-128,65-96,111,113,80,#6f7150,117613,1554758,7.6
2021-09-16,PIPO39,Ambient,Drought,97-128,129-160,65-96,112,142,83,#708e53,99453,1326007,7.5
2021-09-16,PIPO45,Ambient,Drought,65-96,97-128,65-96,85,111,78,#556f4e,92716,1240543,7.5
2021-09-16,PIPO49,Ambient,Drought,33-64,65-96,33-64,53,80,46,#35502e,110499,1481815,7.5
2021-09-16,PIPO23,Ambient+HW,Drought,65-96,97-128,33-64,81,110,51,#516e33,134964,1835670,7.4
2021-09-16,PIPO34,Ambient+HW,Drought,65-96,97-128,33-64,81,109,52,#516d34,109979,1533243,7.2
2021-09-16,PIPO45,Ambient,Drought,65-96,97-128,33-64,82,109,51,#526d33,87489,1240543,7.1
2021-09-16,PIPO34,Ambient+HW,Drought,97-128,97-128,97-128,113,119,106,#71776a,106227,1533243,6.9
2021-09-16,PIPO14,Ambient,Drought,33-64,65-96,33-64,53,80,46,#35502e,91670,1352400,6.8
2021-09-16,PIPO29,Ambient+HW,Drought,129-160,161-192,97-128,145,174,114,#91ae72,106263,1554758,6.8
2021-09-16,PIPO45,Ambient,Drought,65-96,65-96,33-64,79,82,49,#4f5231,84844,1240543,6.8
2021-09-16,PIPO14,Ambient,Drought,65-96,65-96,33-64,79,81,49,#4f5131,88903,1352400,6.6
2021-09-16,PIPO34,Ambient+HW,Drought,33-64,65-96,33-64,56,78,46,#384e2e,101835,1533243,6.6
2021-09-16,PIPO23,Ambient+HW,Drought,97-128,129-160,65-96,113,142,83,#718e53,119513,1835670,6.5
2021-09-16,PIPO44,Ambient,Drought,65-96,65-96,65-96,80,87,75,#50574b,86253,1330557,6.5
2021-09-16,PIPO14,Ambient,Drought,65-96,97-128,33-64,80,109,53,#506d35,86664,1352400,6.4
2021-09-16,PIPO44,Ambient,Drought,65-96,65-96,33-64,78,80,50,#4e5032,84849,1330557,6.4
2021-09-16,PIPO34,Ambient+HW,Drought,97-128,129-160,65-96,113,141,84,#718d54,94040,1533243,6.1
2021-09-16,PIPO10,Ambient+HW,Drought,33-64,65-96,1-32,48,79,20,#304f14,98010,1623523,6
2021-09-16,PIPO29,Ambient+HW,Drought,129-160,129-160,97-128,143,145,112,#8f9170,93239,1554758,6
2021-09-16,PIPO29,Ambient+HW,Drought,65-96,97-128,65-96,87,111,77,#576f4d,92050,1554758,5.9
2021-09-16,PIPO14,Ambient,Drought,97-128,129-160,65-96,112,140,85,#708c55,78490,1352400,5.8
2021-09-16,PIPO29,Ambient+HW,Drought,33-64,65-96,1-32,50,78,20,#324e14,89931,1554758,5.8
2021-09-16,PIPO49,Ambient,Drought,97-128,97-128,97-128,113,118,106,#71766a,81972,1481815,5.5
2021-09-16,PIPO14,Ambient,Drought,129-160,129-160,97-128,143,145,112,#8f9170,71187,1352400,5.3
2021-09-16,PIPO10,Ambient+HW,Drought,129-160,129-160,97-128,141,145,113,#8d9171,84950,1623523,5.2
2021-09-16,PIPO42,Ambient+HW,Drought,65-96,97-128,65-96,88,110,76,#586e4c,65101,1258303,5.2
2021-09-16,PIPO44,Ambient,Drought,97-128,97-128,65-96,111,112,82,#6f7052,68705,1330557,5.2
2021-09-16,PIPO14,Ambient,Drought,97-128,97-128,97-128,113,119,106,#71776a,68414,1352400,5.1
2021-09-16,PIPO29,Ambient+HW,Drought,33-64,65-96,33-64,56,80,44,#38502c,77979,1554758,5
2021-09-16,PIPO42,Ambient+HW,Drought,65-96,65-96,33-64,80,81,48,#505130,62531,1258303,5
2021-09-16,PIPO45,Ambient,Drought,33-64,65-96,33-64,54,79,46,#364f2e,62494,1240543,5
2021-09-16,PIPO23,Ambient+HW,Drought,97-128,97-128,97-128,113,119,106,#71776a,86169,1835670,4.7
2021-09-16,PIPO39,Ambient,Drought,97-128,97-128,97-128,113,119,106,#71776a,59420,1326007,4.5
2021-09-16,PIPO49,Ambient,Drought,65-96,65-96,33-64,79,82,49,#4f5231,66656,1481815,4.5
2021-09-16,PIPO14,Ambient,Drought,129-160,161-192,129-160,147,175,143,#93af8f,58893,1352400,4.4
2021-09-16,PIPO34,Ambient+HW,Drought,129-160,129-160,97-128,143,144,113,#8f9071,67884,1533243,4.4
2021-09-16,PIPO44,Ambient,Drought,33-64,33-64,33-64,48,55,42,#30372a,58938,1330557,4.4
2021-09-16,PIPO45,Ambient,Drought,129-160,161-192,97-128,146,172,114,#92ac72,54050,1240543,4.4
2021-09-16,PIPO29,Ambient+HW,Drought,129-160,161-192,129-160,150,174,141,#96ae8d,61536,1554758,4
2021-09-16,PIPO39,Ambient,Drought,129-160,129-160,97-128,143,144,113,#8f9071,53200,1326007,4
2021-09-16,PIPO39,Ambient,Drought,33-64,65-96,1-32,48,78,23,#304e17,53309,1326007,4
2021-09-16,PIPO10,Ambient+HW,Drought,129-160,161-192,129-160,149,175,142,#95af8e,62869,1623523,3.9
2021-09-16,PIPO42,Ambient+HW,Drought,129-160,161-192,97-128,147,173,113,#93ad71,49162,1258303,3.9
2021-09-16,PIPO23,Ambient+HW,Drought,33-64,65-96,1-32,49,77,22,#314d16,70645,1835670,3.8
2021-09-16,PIPO45,Ambient,Drought,129-160,161-192,129-160,150,174,141,#96ae8d,47564,1240543,3.8
2021-09-16,PIPO14,Ambient,Drought,129-160,129-160,129-160,144,151,138,#90978a,49760,1352400,3.7
2021-09-16,PIPO23,Ambient+HW,Drought,129-160,129-160,97-128,143,145,113,#8f9171,67892,1835670,3.7
2021-09-16,PIPO45,Ambient,Drought,97-128,97-128,97-128,114,119,106,#72776a,46040,1240543,3.7
2021-09-16,PIPO34,Ambient+HW,Drought,129-160,161-192,129-160,149,174,143,#95ae8f,54796,1533243,3.6
2021-09-16,PIPO44,Ambient,Drought,65-96,97-128,33-64,78,108,56,#4e6c38,48558,1330557,3.6
2021-09-16,PIPO23,Ambient+HW,Drought,129-160,161-192,129-160,148,175,143,#94af8f,61842,1835670,3.4
2021-09-16,PIPO23,Ambient+HW,Drought,33-64,33-64,1-32,47,52,20,#2f3414,61893,1835670,3.4
2021-09-16,PIPO45,Ambient,Drought,161-192,161-192,129-160,176,177,144,#b0b190,42469,1240543,3.4
2021-09-16,PIPO42,Ambient+HW,Drought,33-64,65-96,1-32,50,79,18,#324f12,41941,1258303,3.3
2021-09-16,PIPO44,Ambient,Drought,33-64,33-64,1-32,46,52,23,#2e3417,43604,1330557,3.3
2021-09-16,PIPO39,Ambient,Drought,65-96,65-96,65-96,81,87,74,#51574a,42285,1326007,3.2
2021-09-16,PIPO10,Ambient+HW,Drought,129-160,161-192,97-128,143,174,115,#8fae73,48230,1623523,3
2021-09-16,PIPO45,Ambient,Drought,129-160,129-160,129-160,145,150,137,#919689,37148,1240543,3
2021-09-16,PIPO42,Ambient+HW,Drought,129-160,161-192,129-160,152,174,141,#98ae8d,36435,1258303,2.9
2021-09-16,PIPO34,Ambient+HW,Drought,129-160,129-160,129-160,144,151,138,#90978a,43025,1533243,2.8
2021-09-16,PIPO42,Ambient+HW,Drought,33-64,65-96,33-64,56,79,43,#384f2b,33491,1258303,2.7
2021-09-16,PIPO49,Ambient,Drought,33-64,65-96,1-32,48,78,23,#304e17,39992,1481815,2.7
2021-09-16,PIPO10,Ambient+HW,Drought,129-160,129-160,129-160,144,151,138,#90978a,41942,1623523,2.6
2021-09-16,PIPO10,Ambient+HW,Drought,97-128,97-128,97-128,114,118,106,#72766a,42300,1623523,2.6
2021-09-16,PIPO49,Ambient,Drought,129-160,129-160,97-128,143,144,113,#8f9071,38696,1481815,2.6
2021-09-16,PIPO42,Ambient+HW,Drought,97-128,97-128,97-128,115,118,105,#737669,31495,1258303,2.5
2021-09-16,PIPO42,Ambient+HW,Drought,97-128,129-160,33-64,109,140,56,#6d8c38,30224,1258303,2.4
2021-09-16,PIPO44,Ambient,Drought,33-64,65-96,1-32,46,75,26,#2e4b1a,31297,1330557,2.4
2021-09-16,PIPO45,Ambient,Drought,33-64,65-96,1-32,50,76,22,#324c16,29158,1240543,2.4
2021-09-16,PIPO34,Ambient+HW,Drought,33-64,33-64,1-32,47,52,21,#2f3415,34652,1533243,2.3
2021-09-16,PIPO42,Ambient+HW,Drought,129-160,129-160,129-160,146,150,137,#929689,29157,1258303,2.3
2021-09-16,PIPO44,Ambient,Drought,129-160,129-160,129-160,144,150,138,#90968a,30821,1330557,2.3
2021-09-16,PIPO10,Ambient+HW,Drought,33-64,33-64,1-32,47,52,20,#2f3414,36108,1623523,2.2
2021-09-16,PIPO23,Ambient+HW,Drought,129-160,129-160,129-160,144,151,138,#90978a,39713,1835670,2.2
2021-09-16,PIPO23,Ambient+HW,Drought,129-160,161-192,97-128,143,172,116,#8fac74,40687,1835670,2.2
2021-09-16,PIPO23,Ambient+HW,Drought,65-96,65-96,65-96,81,87,73,#515749,39764,1835670,2.2
2021-09-16,PIPO34,Ambient+HW,Drought,33-64,65-96,1-32,50,77,23,#324d17,33433,1533243,2.2
2021-09-16,PIPO42,Ambient+HW,Drought,161-192,161-192,129-160,175,176,145,#afb091,27811,1258303,2.2
2021-09-16,PIPO44,Ambient,Drought,129-160,129-160,97-128,143,143,114,#8f8f72,29414,1330557,2.2
2021-09-16,PIPO14,Ambient,Drought,65-96,65-96,65-96,81,87,74,#51574a,28745,1352400,2.1
2021-09-16,PIPO34,Ambient+HW,Drought,65-96,65-96,65-96,82,87,73,#525749,31503,1533243,2.1
2021-09-16,PIPO39,Ambient,Drought,129-160,129-160,129-160,145,150,138,#91968a,28381,1326007,2.1
2021-09-16,PIPO49,Ambient,Drought,65-96,65-96,65-96,81,87,74,#51574a,31230,1481815,2.1
2021-09-16,PIPO39,Ambient,Drought,129-160,161-192,129-160,149,174,142,#95ae8e,26661,1326007,2
2021-09-16,PIPO29,Ambient+HW,Drought,161-192,161-192,129-160,174,179,144,#aeb390,28818,1554758,1.9
2021-09-16,PIPO10,Ambient+HW,Drought,65-96,65-96,65-96,82,86,73,#525649,28775,1623523,1.8
2021-09-16,PIPO29,Ambient+HW,Drought,97-128,97-128,97-128,114,118,105,#727669,28100,1554758,1.8
2021-09-16,PIPO45,Ambient,Drought,65-96,65-96,65-96,82,87,73,#525749,22675,1240543,1.8
2021-09-16,PIPO29,Ambient+HW,Drought,129-160,129-160,129-160,145,150,137,#919689,27184,1554758,1.7
2021-09-16,PIPO29,Ambient+HW,Drought,33-64,33-64,1-32,47,53,18,#2f3512,26045,1554758,1.7
2021-09-16,PIPO34,Ambient+HW,Drought,129-160,161-192,97-128,143,171,117,#8fab75,26247,1533243,1.7
2021-09-16,PIPO39,Ambient,Drought,129-160,161-192,97-128,143,172,117,#8fac75,22675,1326007,1.7
2021-09-16,PIPO14,Ambient,Drought,129-160,161-192,97-128,145,169,118,#91a976,21685,1352400,1.6
2021-09-16,PIPO14,Ambient,Drought,33-64,65-96,1-32,48,77,24,#304d18,20772,1352400,1.5
2021-09-16,PIPO49,Ambient,Drought,129-160,161-192,129-160,148,175,143,#94af8f,22016,1481815,1.5
2021-09-16,PIPO49,Ambient,Drought,129-160,161-192,97-128,145,171,114,#91ab72,22216,1481815,1.5
2021-09-16,PIPO34,Ambient+HW,Drought,33-64,33-64,33-64,50,54,41,#323629,21297,1533243,1.4
2021-09-16,PIPO39,Ambient,Drought,33-64,33-64,1-32,47,52,22,#2f3416,18631,1326007,1.4
2021-09-16,PIPO42,Ambient+HW,Drought,129-160,97-128,65-96,141,117,80,#8d7550,17746,1258303,1.4
2021-09-16,PIPO45,Ambient,Drought,129-160,129-160,65-96,141,143,86,#8d8f56,15859,1240543,1.3
2021-09-16,PIPO14,Ambient,Drought,161-192,161-192,129-160,173,178,144,#adb290,16317,1352400,1.2
2021-09-16,PIPO23,Ambient+HW,Drought,33-64,33-64,33-64,49,55,41,#313729,22785,1835670,1.2
2021-09-16,PIPO42,Ambient+HW,Drought,161-192,129-160,97-128,173,149,113,#ad9571,15217,1258303,1.2
2021-09-16,PIPO42,Ambient+HW,Drought,97-128,65-96,33-64,110,84,49,#6e5431,15581,1258303,1.2
2021-09-16,PIPO42,Ambient+HW,Drought,97-128,97-128,33-64,110,111,55,#6e6f37,14505,1258303,1.2
2021-09-16,PIPO44,Ambient,Drought,1-32,33-64,1-32,27,56,20,#1b3814,16116,1330557,1.2
2021-09-16,PIPO45,Ambient,Drought,33-64,33-64,1-32,47,53,20,#2f3514,14912,1240543,1.2
2021-09-16,PIPO49,Ambient,Drought,129-160,129-160,129-160,145,150,138,#91968a,17613,1481815,1.2
2021-09-16,PIPO14,Ambient,Drought,65-96,129-160,65-96,89,136,81,#598851,15390,1352400,1.1
2021-09-16,PIPO29,Ambient+HW,Drought,97-128,97-128,33-64,108,112,53,#6c7035,16446,1554758,1.1
2021-09-16,PIPO42,Ambient+HW,Drought,33-64,33-64,1-32,50,51,18,#323312,13890,1258303,1.1
2021-09-16,PIPO49,Ambient,Drought,65-96,129-160,65-96,90,135,80,#5a8750,15904,1481815,1.1
2021-09-16,PIPO10,Ambient+HW,Drought,161-192,161-192,129-160,171,178,146,#abb292,16660,1623523,1
2021-09-16,PIPO29,Ambient+HW,Drought,65-96,65-96,65-96,83,87,73,#535749,15060,1554758,1
2021-09-16,PIPO39,Ambient,Drought,161-192,161-192,129-160,175,175,146,#afaf92,12849,1326007,1
2021-09-16,PIPO42,Ambient+HW,Drought,129-160,129-160,65-96,142,142,85,#8e8e55,12689,1258303,1
2021-09-16,PIPO42,Ambient+HW,Drought,65-96,65-96,65-96,83,86,73,#535649,13190,1258303,1
2021-09-16,PIPO42,Ambient+HW,Drought,65-96,97-128,1-32,74,109,26,#4a6d1a,13071,1258303,1
2021-09-16,PIPO44,Ambient,Drought,129-160,161-192,129-160,149,172,144,#95ac90,13503,1330557,1
2021-09-16,PIPO45,Ambient,Drought,97-128,97-128,33-64,109,111,56,#6d6f38,12099,1240543,1
2021-09-16,PIPO49,Ambient,Drought,33-64,97-128,33-64,59,103,50,#3b6732,15217,1481815,1
2021-09-16,PIPO10,Ambient+HW,Drought,33-64,33-64,33-64,50,54,41,#323629,14297,1623523,0.9
2021-09-16,PIPO14,Ambient,Drought,33-64,33-64,1-32,48,51,21,#303315,11839,1352400,0.9
2021-09-16,PIPO34,Ambient+HW,Drought,161-192,161-192,129-160,174,176,145,#aeb091,14145,1533243,0.9
2021-09-16,PIPO39,Ambient,Drought,33-64,33-64,33-64,49,55,42,#31372a,11721,1326007,0.9
2021-09-16,PIPO42,Ambient+HW,Drought,65-96,129-160,33-64,90,134,51,#5a8633,11398,1258303,0.9
2021-09-16,PIPO44,Ambient,Drought,97-128,129-160,65-96,111,137,87,#6f8957,12552,1330557,0.9
2021-09-16,PIPO49,Ambient,Drought,161-192,161-192,129-160,175,176,146,#afb092,12866,1481815,0.9
2021-09-16,PIPO45,Ambient,Drought,129-160,97-128,65-96,140,117,81,#8c7551,9505,1240543,0.8
2021-09-16,PIPO45,Ambient,Drought,161-192,129-160,97-128,171,149,113,#ab9571,10138,1240543,0.8
2021-09-16,PIPO45,Ambient,Drought,161-192,193-224,129-160,178,200,148,#b2c894,9865,1240543,0.8
2021-09-16,PIPO14,Ambient,Drought,33-64,33-64,33-64,49,55,41,#313729,9565,1352400,0.7
2021-09-16,PIPO14,Ambient,Drought,33-64,97-128,33-64,58,104,49,#3a6831,9902,1352400,0.7
2021-09-16,PIPO14,Ambient,Drought,97-128,97-128,33-64,110,109,56,#6e6d38,9664,1352400,0.7
2021-09-16,PIPO23,Ambient+HW,Drought,161-192,161-192,129-160,174,176,146,#aeb092,13466,1835670,0.7
2021-09-16,PIPO29,Ambient+HW,Drought,161-192,193-224,129-160,176,200,147,#b0c893,10966,1554758,0.7
2021-09-16,PIPO39,Ambient,Drought,65-96,129-160,65-96,91,135,78,#5b874e,9082,1326007,0.7
2021-09-16,PIPO44,Ambient,Drought,65-96,97-128,97-128,91,117,101,#5b7565,8945,1330557,0.7
2021-09-16,PIPO45,Ambient,Drought,161-192,161-192,97-128,174,173,118,#aead76,8264,1240543,0.7
2021-09-16,PIPO45,Ambient,Drought,161-192,193-224,161-192,183,204,173,#b7ccad,9085,1240543,0.7
2021-09-16,PIPO45,Ambient,Drought,193-224,193-224,161-192,206,208,176,#ced0b0,8754,1240543,0.7
2021-09-16,PIPO45,Ambient,Drought,33-64,33-64,33-64,49,55,41,#313729,9094,1240543,0.7
2021-09-16,PIPO10,Ambient+HW,Drought,33-64,97-128,33-64,60,105,43,#3c692b,10544,1623523,0.6
2021-09-16,PIPO10,Ambient+HW,Drought,65-96,129-160,33-64,88,134,54,#588636,9974,1623523,0.6
2021-09-16,PIPO14,Ambient,Drought,129-160,129-160,65-96,143,141,86,#8f8d56,8172,1352400,0.6
2021-09-16,PIPO23,Ambient+HW,Drought,1-32,33-64,1-32,27,57,18,#1b3912,11804,1835670,0.6
2021-09-16,PIPO23,Ambient+HW,Drought,65-96,129-160,65-96,90,135,80,#5a8750,10932,1835670,0.6
2021-09-16,PIPO29,Ambient+HW,Drought,129-160,129-160,65-96,140,144,86,#8c9056,9298,1554758,0.6
2021-09-16,PIPO34,Ambient+HW,Drought,161-192,161-192,161-192,175,183,169,#afb7a9,8963,1533243,0.6
2021-09-16,PIPO39,Ambient,Drought,129-160,97-128,65-96,138,117,84,#8a7554,7491,1326007,0.6
2021-09-16,PIPO39,Ambient,Drought,33-64,97-128,33-64,60,102,47,#3c662f,7643,1326007,0.6
2021-09-16,PIPO42,Ambient+HW,Drought,129-160,161-192,65-96,139,169,87,#8ba957,7414,1258303,0.6
2021-09-16,PIPO42,Ambient+HW,Drought,161-192,193-224,129-160,176,201,148,#b0c994,7489,1258303,0.6
2021-09-16,PIPO42,Ambient+HW,Drought,65-96,33-64,1-32,77,54,19,#4d3613,7890,1258303,0.6
2021-09-16,PIPO44,Ambient,Drought,161-192,161-192,129-160,175,173,147,#afad93,7490,1330557,0.6
2021-09-16,PIPO45,Ambient,Drought,161-192,161-192,161-192,177,182,169,#b1b6a9,7511,1240543,0.6
2021-09-16,PIPO49,Ambient,Drought,97-128,97-128,33-64,105,112,56,#697038,9622,1481815,0.6
2021-09-16,PIPO10,Ambient+HW,Drought,161-192,193-224,161-192,181,205,173,#b5cdad,8451,1623523,0.5
2021-09-16,PIPO10,Ambient+HW,Drought,33-64,97-128,1-32,56,103,25,#386719,7663,1623523,0.5
2021-09-16,PIPO10,Ambient+HW,Drought,65-96,129-160,65-96,91,136,76,#5b884c,7317,1623523,0.5
2021-09-16,PIPO14,Ambient,Drought,129-160,97-128,65-96,141,117,80,#8d7550,7232,1352400,0.5
2021-09-16,PIPO14,Ambient,Drought,97-128,129-160,129-160,124,148,132,#7c9484,6307,1352400,0.5
2021-09-16,PIPO14,Ambient,Drought,97-128,65-96,33-64,110,84,49,#6e5431,7015,1352400,0.5
2021-09-16,PIPO23,Ambient+HW,Drought,97-128,97-128,33-64,107,111,56,#6b6f38,9843,1835670,0.5
2021-09-16,PIPO29,Ambient+HW,Drought,161-192,193-224,161-192,183,204,172,#b7ccac,7601,1554758,0.5
2021-09-16,PIPO29,Ambient+HW,Drought,33-64,33-64,33-64,51,54,41,#333629,7183,1554758,0.5
2021-09-16,PIPO29,Ambient+HW,Drought,65-96,65-96,1-32,76,81,25,#4c5119,8421,1554758,0.5
2021-09-16,PIPO34,Ambient+HW,Drought,129-160,97-128,65-96,138,117,84,#8a7554,7183,1533243,0.5
2021-09-16,PIPO39,Ambient,Drought,1-32,33-64,1-32,27,57,18,#1b3912,7156,1326007,0.5
2021-09-16,PIPO42,Ambient+HW,Drought,161-192,161-192,161-192,177,182,168,#b1b6a8,6582,1258303,0.5
2021-09-16,PIPO44,Ambient,Drought,129-160,97-128,65-96,140,116,82,#8c7452,6466,1330557,0.5
2021-09-16,PIPO44,Ambient,Drought,33-64,97-128,33-64,60,101,50,#3c6532,7015,1330557,0.5
2021-09-16,PIPO49,Ambient,Drought,129-160,97-128,65-96,141,115,82,#8d7352,6912,1481815,0.5
2021-09-16,PIPO49,Ambient,Drought,33-64,33-64,1-32,46,55,23,#2e3717,6963,1481815,0.5
2021-09-16,PIPO10,Ambient+HW,Drought,1-32,33-64,1-32,28,57,13,#1c390d,6236,1623523,0.4
2021-09-16,PIPO10,Ambient+HW,Drought,161-192,161-192,161-192,175,183,169,#afb7a9,6638,1623523,0.4
2021-09-16,PIPO10,Ambient+HW,Drought,161-192,193-224,129-160,173,204,148,#adcc94,6891,1623523,0.4
2021-09-16,PIPO14,Ambient,Drought,1-32,33-64,1-32,27,56,20,#1b3814,4906,1352400,0.4
2021-09-16,PIPO14,Ambient,Drought,161-192,161-192,161-192,174,183,169,#aeb7a9,5609,1352400,0.4
2021-09-16,PIPO14,Ambient,Drought,161-192,193-224,161-192,179,202,174,#b3caae,5082,1352400,0.4
2021-09-16,PIPO14,Ambient,Drought,97-128,161-192,97-128,122,166,114,#7aa672,5804,1352400,0.4
2021-09-16,PIPO23,Ambient+HW,Drought,161-192,193-224,161-192,178,204,174,#b2ccae,7578,1835670,0.4
2021-09-16,PIPO23,Ambient+HW,Drought,33-64,97-128,33-64,59,104,48,#3b6830,8054,1835670,0.4
2021-09-16,PIPO23,Ambient+HW,Drought,65-96,65-96,1-32,75,78,26,#4b4e1a,6957,1835670,0.4
2021-09-16,PIPO23,Ambient+HW,Drought,97-128,161-192,97-128,122,166,112,#7aa670,7637,1835670,0.4
2021-09-16,PIPO29,Ambient+HW,Drought,161-192,161-192,161-192,176,183,169,#b0b7a9,6485,1554758,0.4
2021-09-16,PIPO29,Ambient+HW,Drought,33-64,97-128,33-64,60,103,44,#3c672c,6444,1554758,0.4
2021-09-16,PIPO29,Ambient+HW,Drought,97-128,129-160,33-64,107,138,58,#6b8a3a,6257,1554758,0.4
2021-09-16,PIPO34,Ambient+HW,Drought,161-192,193-224,161-192,180,202,176,#b4cab0,6790,1533243,0.4
2021-09-16,PIPO39,Ambient,Drought,161-192,129-160,97-128,170,149,116,#aa9574,4923,1326007,0.4
2021-09-16,PIPO42,Ambient+HW,Drought,161-192,161-192,97-128,172,172,117,#acac75,4512,1258303,0.4
2021-09-16,PIPO42,Ambient+HW,Drought,161-192,193-224,161-192,183,202,172,#b7caac,5001,1258303,0.4
2021-09-16,PIPO42,Ambient+HW,Drought,33-64,33-64,33-64,51,53,41,#333529,5661,1258303,0.4
2021-09-16,PIPO42,Ambient+HW,Drought,33-64,97-128,1-32,59,102,23,#3b6617,4847,1258303,0.4
2021-09-16,PIPO42,Ambient+HW,Drought,65-96,65-96,1-32,76,78,25,#4c4e19,5594,1258303,0.4
2021-09-16,PIPO44,Ambient,Drought,161-192,129-160,97-128,172,148,113,#ac9471,4878,1330557,0.4
2021-09-16,PIPO45,Ambient,Drought,129-160,97-128,97-128,139,123,106,#8b7b6a,4593,1240543,0.4
2021-09-16,PIPO45,Ambient,Drought,161-192,129-160,129-160,170,155,138,#aa9b8a,4342,1240543,0.4
2021-09-16,PIPO45,Ambient,Drought,193-224,161-192,129-160,201,182,145,#c9b691,4389,1240543,0.4
2021-09-16,PIPO45,Ambient,Drought,97-128,65-96,33-64,110,84,49,#6e5431,4893,1240543,0.4
2021-09-16,PIPO49,Ambient,Drought,1-32,33-64,1-32,27,57,18,#1b3912,5329,1481815,0.4
2021-09-16,PIPO49,Ambient,Drought,129-160,129-160,65-96,138,144,87,#8a9057,5339,1481815,0.4
2021-09-16,PIPO49,Ambient,Drought,161-192,129-160,97-128,173,147,114,#ad9372,6176,1481815,0.4
2021-09-16,PIPO49,Ambient,Drought,33-64,33-64,33-64,48,55,41,#303729,5346,1481815,0.4
2021-09-16,PIPO49,Ambient,Drought,97-128,129-160,33-64,108,137,58,#6c893a,5506,1481815,0.4
2021-09-16,PIPO10,Ambient+HW,Drought,97-128,129-160,33-64,103,140,58,#678c3a,4242,1623523,0.3
2021-09-16,PIPO10,Ambient+HW,Drought,97-128,161-192,97-128,122,167,108,#7aa76c,4450,1623523,0.3
2021-09-16,PIPO14,Ambient,Drought,161-192,129-160,97-128,173,150,111,#ad966f,4115,1352400,0.3
2021-09-16,PIPO14,Ambient,Drought,161-192,161-192,97-128,175,170,117,#afaa75,4057,1352400,0.3
2021-09-16,PIPO14,Ambient,Drought,65-96,33-64,1-32,77,52,20,#4d3414,3690,1352400,0.3
2021-09-16,PIPO23,Ambient+HW,Drought,129-160,129-160,65-96,139,142,88,#8b8e58,5555,1835670,0.3
2021-09-16,PIPO23,Ambient+HW,Drought,129-160,97-128,65-96,139,117,83,#8b7553,5487,1835670,0.3
2021-09-16,PIPO23,Ambient+HW,Drought,161-192,161-192,161-192,176,183,168,#b0b7a8,5400,1835670,0.3
2021-09-16,PIPO29,Ambient+HW,Drought,129-160,97-128,65-96,137,119,84,#897754,4106,1554758,0.3
2021-09-16,PIPO29,Ambient+HW,Drought,161-192,161-192,97-128,172,175,119,#acaf77,5415,1554758,0.3
2021-09-16,PIPO29,Ambient+HW,Drought,65-96,129-160,33-64,90,133,52,#5a8534,3907,1554758,0.3
2021-09-16,PIPO29,Ambient+HW,Drought,65-96,129-160,65-96,92,134,77,#5c864d,5192,1554758,0.3
2021-09-16,PIPO29,Ambient+HW,Drought,65-96,97-128,1-32,74,107,27,#4a6b1b,4505,1554758,0.3
2021-09-16,PIPO29,Ambient+HW,Drought,97-128,161-192,97-128,124,166,109,#7ca66d,4622,1554758,0.3
2021-09-16,PIPO34,Ambient+HW,Drought,161-192,129-160,97-128,171,149,115,#ab9573,5237,1533243,0.3
2021-09-16,PIPO34,Ambient+HW,Drought,97-128,65-96,33-64,106,86,53,#6a5635,5244,1533243,0.3
2021-09-16,PIPO34,Ambient+HW,Drought,97-128,97-128,33-64,109,107,59,#6d6b3b,4655,1533243,0.3
2021-09-16,PIPO39,Ambient,Drought,129-160,97-128,97-128,139,123,106,#8b7b6a,3564,1326007,0.3
2021-09-16,PIPO39,Ambient,Drought,161-192,161-192,161-192,177,182,168,#b1b6a8,3629,1326007,0.3
2021-09-16,PIPO39,Ambient,Drought,193-224,161-192,129-160,200,181,148,#c8b594,3631,1326007,0.3
2021-09-16,PIPO39,Ambient,Drought,97-128,161-192,97-128,123,166,110,#7ba66e,3962,1326007,0.3
2021-09-16,PIPO39,Ambient,Drought,97-128,65-96,33-64,107,85,54,#6b5536,3718,1326007,0.3
2021-09-16,PIPO42,Ambient+HW,Drought,129-160,97-128,97-128,140,123,106,#8c7b6a,4035,1258303,0.3
2021-09-16,PIPO42,Ambient+HW,Drought,161-192,129-160,129-160,171,155,138,#ab9b8a,3325,1258303,0.3
2021-09-16,PIPO42,Ambient+HW,Drought,193-224,161-192,129-160,202,178,146,#cab292,4380,1258303,0.3
2021-09-16,PIPO42,Ambient+HW,Drought,193-224,193-224,161-192,206,207,178,#cecfb2,3873,1258303,0.3
2021-09-16,PIPO42,Ambient+HW,Drought,97-128,65-96,65-96,108,91,73,#6c5b49,4084,1258303,0.3
2021-09-16,PIPO44,Ambient,Drought,129-160,161-192,97-128,144,168,120,#90a878,3514,1330557,0.3
2021-09-16,PIPO44,Ambient,Drought,129-160,97-128,97-128,139,123,106,#8b7b6a,3522,1330557,0.3
2021-09-16,PIPO44,Ambient,Drought,161-192,161-192,161-192,177,181,169,#b1b5a9,3377,1330557,0.3
2021-09-16,PIPO44,Ambient,Drought,33-64,65-96,65-96,60,84,69,#3c5445,3839,1330557,0.3
2021-09-16,PIPO44,Ambient,Drought,97-128,129-160,129-160,123,148,132,#7b9484,4472,1330557,0.3
2021-09-16,PIPO45,Ambient,Drought,193-224,193-224,129-160,205,202,150,#cdca96,3132,1240543,0.3
2021-09-16,PIPO49,Ambient,Drought,129-160,97-128,97-128,139,123,106,#8b7b6a,4757,1481815,0.3
2021-09-16,PIPO49,Ambient,Drought,161-192,161-192,161-192,177,182,169,#b1b6a9,4742,1481815,0.3
2021-09-16,PIPO10,Ambient+HW,Drought,129-160,129-160,65-96,137,143,90,#898f5a,2676,1623523,0.2
2021-09-16,PIPO10,Ambient+HW,Drought,65-96,33-64,33-64,73,60,43,#493c2b,2470,1623523,0.2
2021-09-16,PIPO10,Ambient+HW,Drought,97-128,161-192,65-96,120,165,87,#78a557,4049,1623523,0.2
2021-09-16,PIPO10,Ambient+HW,Drought,97-128,65-96,33-64,106,86,53,#6a5635,3743,1623523,0.2
2021-09-16,PIPO10,Ambient+HW,Drought,97-128,65-96,65-96,106,92,74,#6a5c4a,2568,1623523,0.2
2021-09-16,PIPO10,Ambient+HW,Drought,97-128,97-128,33-64,106,110,59,#6a6e3b,3589,1623523,0.2
2021-09-16,PIPO14,Ambient,Drought,129-160,97-128,97-128,138,123,106,#8a7b6a,2033,1352400,0.2
2021-09-16,PIPO14,Ambient,Drought,161-192,129-160,65-96,172,141,86,#ac8d56,2897,1352400,0.2
2021-09-16,PIPO14,Ambient,Drought,161-192,193-224,129-160,178,198,151,#b2c697,2118,1352400,0.2
2021-09-16,PIPO14,Ambient,Drought,65-96,33-64,33-64,76,59,42,#4c3b2a,2031,1352400,0.2
2021-09-16,PIPO14,Ambient,Drought,65-96,97-128,97-128,92,118,101,#5c7665,2653,1352400,0.2
2021-09-16,PIPO14,Ambient,Drought,97-128,65-96,65-96,107,91,74,#6b5b4a,2993,1352400,0.2
2021-09-16,PIPO23,Ambient+HW,Drought,161-192,129-160,97-128,169,148,116,#a99474,3995,1835670,0.2
2021-09-16,PIPO23,Ambient+HW,Drought,161-192,193-224,129-160,173,200,150,#adc896,4354,1835670,0.2
2021-09-16,PIPO23,Ambient+HW,Drought,97-128,129-160,129-160,124,148,132,#7c9484,3215,1835670,0.2
2021-09-16,PIPO23,Ambient+HW,Drought,97-128,65-96,33-64,107,86,52,#6b5634,4152,1835670,0.2
2021-09-16,PIPO29,Ambient+HW,Drought,1-32,33-64,1-32,29,57,12,#1d390c,2609,1554758,0.2
2021-09-16,PIPO29,Ambient+HW,Drought,129-160,161-192,65-96,139,168,90,#8ba85a,3226,1554758,0.2
2021-09-16,PIPO29,Ambient+HW,Drought,161-192,129-160,97-128,169,151,114,#a99772,2585,1554758,0.2
2021-09-16,PIPO29,Ambient+HW,Drought,193-224,193-224,161-192,202,209,175,#cad1af,2989,1554758,0.2
2021-09-16,PIPO29,Ambient+HW,Drought,33-64,97-128,1-32,59,101,25,#3b6519,3549,1554758,0.2
2021-09-16,PIPO29,Ambient+HW,Drought,97-128,161-192,65-96,123,165,86,#7ba556,2757,1554758,0.2
2021-09-16,PIPO29,Ambient+HW,Drought,97-128,65-96,33-64,106,88,51,#6a5833,3543,1554758,0.2
2021-09-16,PIPO34,Ambient+HW,Drought,129-160,129-160,65-96,141,137,91,#8d895b,3183,1533243,0.2
2021-09-16,PIPO34,Ambient+HW,Drought,129-160,97-128,97-128,139,123,105,#8b7b69,2395,1533243,0.2
2021-09-16,PIPO34,Ambient+HW,Drought,65-96,33-64,33-64,73,60,42,#493c2a,2306,1533243,0.2
2021-09-16,PIPO34,Ambient+HW,Drought,97-128,65-96,65-96,107,91,74,#6b5b4a,2815,1533243,0.2
2021-09-16,PIPO39,Ambient,Drought,129-160,129-160,65-96,140,141,90,#8c8d5a,2100,1326007,0.2
2021-09-16,PIPO39,Ambient,Drought,161-192,129-160,129-160,170,155,138,#aa9b8a,2817,1326007,0.2
2021-09-16,PIPO39,Ambient,Drought,193-224,193-224,161-192,208,202,178,#d0cab2,2412,1326007,0.2
2021-09-16,PIPO39,Ambient,Drought,97-128,65-96,65-96,107,92,73,#6b5c49,2640,1326007,0.2
2021-09-16,PIPO39,Ambient,Drought,97-128,97-128,33-64,105,110,60,#696e3c,2101,1326007,0.2
2021-09-16,PIPO42,Ambient+HW,Drought,129-160,97-128,33-64,140,109,56,#8c6d38,2549,1258303,0.2
2021-09-16,PIPO42,Ambient+HW,Drought,161-192,129-160,65-96,170,140,89,#aa8c59,1924,1258303,0.2
2021-09-16,PIPO42,Ambient+HW,Drought,33-64,97-128,33-64,60,103,43,#3c672b,2785,1258303,0.2
2021-09-16,PIPO42,Ambient+HW,Drought,65-96,129-160,65-96,92,134,74,#5c864a,2079,1258303,0.2
2021-09-16,PIPO42,Ambient+HW,Drought,65-96,33-64,33-64,75,59,41,#4b3b29,2933,1258303,0.2
2021-09-16,PIPO42,Ambient+HW,Drought,97-128,161-192,65-96,124,164,82,#7ca452,2739,1258303,0.2
2021-09-16,PIPO44,Ambient,Drought,161-192,129-160,129-160,170,155,138,#aa9b8a,3294,1330557,0.2
2021-09-16,PIPO44,Ambient,Drought,97-128,65-96,33-64,108,85,52,#6c5534,3006,1330557,0.2
2021-09-16,PIPO44,Ambient,Drought,97-128,65-96,65-96,107,92,74,#6b5c4a,2436,1330557,0.2
2021-09-16,PIPO45,Ambient,Drought,1-32,33-64,1-32,28,57,16,#1c3910,1910,1240543,0.2
2021-09-16,PIPO45,Ambient,Drought,33-64,97-128,33-64,60,102,48,#3c6630,2632,1240543,0.2
2021-09-16,PIPO45,Ambient,Drought,65-96,129-160,65-96,92,134,80,#5c8650,2561,1240543,0.2
2021-09-16,PIPO45,Ambient,Drought,65-96,65-96,1-32,75,79,26,#4b4f1a,2846,1240543,0.2
2021-09-16,PIPO45,Ambient,Drought,97-128,129-160,33-64,111,136,59,#6f883b,1949,1240543,0.2
2021-09-16,PIPO45,Ambient,Drought,97-128,65-96,65-96,106,92,74,#6a5c4a,2243,1240543,0.2
2021-09-16,PIPO49,Ambient,Drought,129-160,161-192,65-96,139,168,88,#8ba858,2956,1481815,0.2
2021-09-16,PIPO49,Ambient,Drought,161-192,129-160,129-160,171,155,138,#ab9b8a,3391,1481815,0.2
2021-09-16,PIPO49,Ambient,Drought,161-192,193-224,161-192,179,203,174,#b3cbae,3475,1481815,0.2
2021-09-16,PIPO49,Ambient,Drought,65-96,97-128,97-128,92,118,101,#5c7665,3474,1481815,0.2
2021-09-16,PIPO49,Ambient,Drought,97-128,161-192,97-128,124,165,113,#7ca571,2844,1481815,0.2
2021-09-16,PIPO49,Ambient,Drought,97-128,65-96,33-64,109,84,52,#6d5434,3524,1481815,0.2
2021-09-16,PIPO49,Ambient,Drought,97-128,65-96,65-96,107,91,74,#6b5b4a,2755,1481815,0.2
2021-09-16,PIPO10,Ambient+HW,Drought,1-32,65-96,1-32,29,71,10,#1d470a,2012,1623523,0.1
2021-09-16,PIPO10,Ambient+HW,Drought,129-160,161-192,65-96,135,168,91,#87a85b,1652,1623523,0.1
2021-09-16,PIPO10,Ambient+HW,Drought,129-160,193-224,129-160,155,197,142,#9bc58e,1371,1623523,0.1
2021-09-16,PIPO10,Ambient+HW,Drought,129-160,97-128,65-96,137,116,84,#897454,2138,1623523,0.1
2021-09-16,PIPO10,Ambient+HW,Drought,129-160,97-128,97-128,137,123,106,#897b6a,1210,1623523,0.1
2021-09-16,PIPO10,Ambient+HW,Drought,161-192,129-160,97-128,171,150,117,#ab9675,1152,1623523,0.1
2021-09-16,PIPO10,Ambient+HW,Drought,193-224,193-224,161-192,198,211,182,#c6d3b6,1555,1623523,0.1
2021-09-16,PIPO10,Ambient+HW,Drought,193-224,193-224,193-224,204,216,200,#ccd8c8,939,1623523,0.1
2021-09-16,PIPO10,Ambient+HW,Drought,65-96,33-64,1-32,75,56,24,#4b3818,1950,1623523,0.1
2021-09-16,PIPO10,Ambient+HW,Drought,65-96,65-96,1-32,72,78,28,#484e1c,2341,1623523,0.1
2021-09-16,PIPO10,Ambient+HW,Drought,65-96,97-128,1-32,72,109,28,#486d1c,2329,1623523,0.1
2021-09-16,PIPO14,Ambient,Drought,1-32,65-96,1-32,29,69,20,#1d4514,835,1352400,0.1
2021-09-16,PIPO14,Ambient,Drought,129-160,161-192,161-192,156,181,164,#9cb5a4,963,1352400,0.1
2021-09-16,PIPO14,Ambient,Drought,129-160,193-224,129-160,154,196,152,#9ac498,780,1352400,0.1
2021-09-16,PIPO14,Ambient,Drought,129-160,65-96,33-64,137,89,45,#89592d,823,1352400,0.1
2021-09-16,PIPO14,Ambient,Drought,129-160,97-128,33-64,142,110,55,#8e6e37,1767,1352400,0.1
2021-09-16,PIPO14,Ambient,Drought,161-192,129-160,129-160,168,156,138,#a89c8a,823,1352400,0.1
2021-09-16,PIPO14,Ambient,Drought,193-224,161-192,129-160,202,181,142,#cab58e,1058,1352400,0.1
2021-09-16,PIPO14,Ambient,Drought,193-224,193-224,161-192,202,206,177,#caceb1,1341,1352400,0.1
2021-09-16,PIPO14,Ambient,Drought,33-64,65-96,65-96,60,88,68,#3c5844,827,1352400,0.1
2021-09-16,PIPO14,Ambient,Drought,65-96,129-160,97-128,93,136,102,#5d8866,1218,1352400,0.1
2021-09-16,PIPO14,Ambient,Drought,65-96,65-96,1-32,79,77,27,#4f4d1b,1835,1352400,0.1
2021-09-16,PIPO14,Ambient,Drought,97-128,161-192,129-160,125,167,134,#7da786,1053,1352400,0.1
2021-09-16,PIPO14,Ambient,Drought,97-128,65-96,1-32,110,76,26,#6e4c1a,870,1352400,0.1
2021-09-16,PIPO23,Ambient+HW,Drought,1-32,65-96,1-32,28,70,19,#1c4613,1033,1835670,0.1
2021-09-16,PIPO23,Ambient+HW,Drought,129-160,161-192,161-192,156,182,164,#9cb6a4,927,1835670,0.1
2021-09-16,PIPO23,Ambient+HW,Drought,129-160,193-224,129-160,155,197,147,#9bc593,1551,1835670,0.1
2021-09-16,PIPO23,Ambient+HW,Drought,129-160,97-128,97-128,138,123,106,#8a7b6a,2245,1835670,0.1
2021-09-16,PIPO23,Ambient+HW,Drought,161-192,129-160,129-160,170,155,137,#aa9b89,1794,1835670,0.1
2021-09-16,PIPO23,Ambient+HW,Drought,193-224,161-192,129-160,200,179,149,#c8b395,1257,1835670,0.1
2021-09-16,PIPO23,Ambient+HW,Drought,193-224,193-224,161-192,204,204,179,#ccccb3,1564,1835670,0.1
2021-09-16,PIPO23,Ambient+HW,Drought,65-96,129-160,33-64,90,133,57,#5a8539,1163,1835670,0.1
2021-09-16,PIPO23,Ambient+HW,Drought,65-96,33-64,1-32,74,56,22,#4a3816,2591,1835670,0.1
2021-09-16,PIPO23,Ambient+HW,Drought,65-96,33-64,33-64,74,60,42,#4a3c2a,1774,1835670,0.1
2021-09-16,PIPO23,Ambient+HW,Drought,65-96,97-128,97-128,92,118,100,#5c7664,1592,1835670,0.1
2021-09-16,PIPO23,Ambient+HW,Drought,97-128,129-160,33-64,106,135,60,#6a873c,1031,1835670,0.1
2021-09-16,PIPO23,Ambient+HW,Drought,97-128,65-96,65-96,107,91,74,#6b5b4a,2285,1835670,0.1
2021-09-16,PIPO29,Ambient+HW,Drought,129-160,193-224,129-160,157,196,139,#9dc48b,826,1554758,0.1
2021-09-16,PIPO29,Ambient+HW,Drought,129-160,97-128,97-128,138,123,107,#8a7b6b,2292,1554758,0.1
2021-09-16,PIPO29,Ambient+HW,Drought,161-192,129-160,129-160,168,155,138,#a89b8a,822,1554758,0.1
2021-09-16,PIPO29,Ambient+HW,Drought,193-224,193-224,129-160,203,202,147,#cbca93,2239,1554758,0.1
2021-09-16,PIPO29,Ambient+HW,Drought,65-96,33-64,1-32,74,56,22,#4a3816,1419,1554758,0.1
2021-09-16,PIPO29,Ambient+HW,Drought,65-96,33-64,33-64,72,60,42,#483c2a,968,1554758,0.1
2021-09-16,PIPO29,Ambient+HW,Drought,97-128,65-96,65-96,105,92,74,#695c4a,1775,1554758,0.1
2021-09-16,PIPO34,Ambient+HW,Drought,1-32,33-64,1-32,29,55,15,#1d370f,1987,1533243,0.1
2021-09-16,PIPO34,Ambient+HW,Drought,129-160,161-192,161-192,156,181,164,#9cb5a4,890,1533243,0.1
2021-09-16,PIPO34,Ambient+HW,Drought,161-192,129-160,129-160,171,155,137,#ab9b89,1296,1533243,0.1
2021-09-16,PIPO34,Ambient+HW,Drought,161-192,161-192,97-128,175,167,123,#afa77b,1188,1533243,0.1
2021-09-16,PIPO34,Ambient+HW,Drought,161-192,193-224,129-160,172,197,151,#acc597,1972,1533243,0.1
2021-09-16,PIPO34,Ambient+HW,Drought,193-224,161-192,129-160,201,180,145,#c9b491,1514,1533243,0.1
2021-09-16,PIPO34,Ambient+HW,Drought,193-224,193-224,161-192,201,204,178,#c9ccb2,1165,1533243,0.1
2021-09-16,PIPO34,Ambient+HW,Drought,33-64,97-128,33-64,60,101,45,#3c652d,1546,1533243,0.1
2021-09-16,PIPO34,Ambient+HW,Drought,65-96,129-160,65-96,91,134,82,#5b8652,2221,1533243,0.1
2021-09-16,PIPO34,Ambient+HW,Drought,65-96,33-64,1-32,72,56,24,#483818,1638,1533243,0.1
2021-09-16,PIPO34,Ambient+HW,Drought,65-96,65-96,1-32,75,76,27,#4b4c1b,1203,1533243,0.1
2021-09-16,PIPO34,Ambient+HW,Drought,65-96,97-128,97-128,93,115,99,#5d7363,809,1533243,0.1
2021-09-16,PIPO34,Ambient+HW,Drought,97-128,129-160,129-160,124,148,132,#7c9484,2108,1533243,0.1
2021-09-16,PIPO34,Ambient+HW,Drought,97-128,161-192,97-128,124,164,113,#7ca471,1685,1533243,0.1
2021-09-16,PIPO39,Ambient,Drought,1-32,65-96,1-32,29,69,17,#1d4511,1030,1326007,0.1
2021-09-16,PIPO39,Ambient,Drought,161-192,161-192,97-128,177,171,120,#b1ab78,1120,1326007,0.1
2021-09-16,PIPO39,Ambient,Drought,161-192,193-224,129-160,172,200,150,#acc896,1119,1326007,0.1
2021-09-16,PIPO39,Ambient,Drought,161-192,193-224,161-192,181,201,173,#b5c9ad,1599,1326007,0.1
2021-09-16,PIPO39,Ambient,Drought,193-224,161-192,161-192,201,187,170,#c9bbaa,1980,1326007,0.1
2021-09-16,PIPO39,Ambient,Drought,33-64,97-128,1-32,59,101,26,#3b651a,747,1326007,0.1
2021-09-16,PIPO39,Ambient,Drought,65-96,129-160,33-64,90,133,57,#5a8539,1754,1326007,0.1
2021-09-16,PIPO39,Ambient,Drought,65-96,33-64,1-32,73,55,24,#493718,1724,1326007,0.1
2021-09-16,PIPO39,Ambient,Drought,65-96,33-64,33-64,74,60,41,#4a3c29,1522,1326007,0.1
2021-09-16,PIPO39,Ambient,Drought,65-96,97-128,97-128,93,116,99,#5d7463,808,1326007,0.1
2021-09-16,PIPO39,Ambient,Drought,97-128,129-160,129-160,125,148,132,#7d9484,1011,1326007,0.1
2021-09-16,PIPO42,Ambient+HW,Drought,1-32,33-64,1-32,28,57,11,#1c390b,952,1258303,0.1
2021-09-16,PIPO42,Ambient+HW,Drought,193-224,161-192,161-192,202,187,168,#cabba8,861,1258303,0.1
2021-09-16,PIPO42,Ambient+HW,Drought,193-224,193-224,193-224,209,213,199,#d1d5c7,964,1258303,0.1
2021-09-16,PIPO42,Ambient+HW,Drought,225-256,193-224,161-192,230,213,182,#e6d5b6,668,1258303,0.1
2021-09-16,PIPO42,Ambient+HW,Drought,97-128,65-96,1-32,108,75,26,#6c4b1a,1015,1258303,0.1
2021-09-16,PIPO44,Ambient,Drought,1-32,33-64,33-64,29,53,36,#1d3524,902,1330557,0.1
2021-09-16,PIPO44,Ambient,Drought,1-32,65-96,1-32,29,69,21,#1d4515,1267,1330557,0.1
2021-09-16,PIPO44,Ambient,Drought,129-160,129-160,65-96,142,137,91,#8e895b,1372,1330557,0.1
2021-09-16,PIPO44,Ambient,Drought,161-192,193-224,161-192,179,199,176,#b3c7b0,807,1330557,0.1
2021-09-16,PIPO44,Ambient,Drought,193-224,161-192,129-160,200,178,148,#c8b294,1204,1330557,0.1
2021-09-16,PIPO44,Ambient,Drought,193-224,161-192,161-192,200,187,170,#c8bbaa,1655,1330557,0.1
2021-09-16,PIPO44,Ambient,Drought,193-224,193-224,161-192,207,200,180,#cfc8b4,1445,1330557,0.1
2021-09-16,PIPO44,Ambient,Drought,65-96,129-160,65-96,91,132,81,#5b8451,1844,1330557,0.1
2021-09-16,PIPO44,Ambient,Drought,65-96,33-64,1-32,76,56,26,#4c381a,1140,1330557,0.1
2021-09-16,PIPO44,Ambient,Drought,65-96,33-64,33-64,74,60,42,#4a3c2a,1408,1330557,0.1
2021-09-16,PIPO44,Ambient,Drought,97-128,97-128,33-64,110,104,60,#6e683c,951,1330557,0.1
2021-09-16,PIPO45,Ambient,Drought,129-160,161-192,65-96,141,166,90,#8da65a,1682,1240543,0.1
2021-09-16,PIPO45,Ambient,Drought,129-160,65-96,33-64,134,90,55,#865a37,714,1240543,0.1
2021-09-16,PIPO45,Ambient,Drought,193-224,161-192,161-192,202,187,169,#cabba9,1243,1240543,0.1
2021-09-16,PIPO45,Ambient,Drought,193-224,161-192,97-128,199,177,120,#c7b178,687,1240543,0.1
2021-09-16,PIPO45,Ambient,Drought,193-224,193-224,193-224,207,214,199,#cfd6c7,1124,1240543,0.1
2021-09-16,PIPO45,Ambient,Drought,65-96,33-64,1-32,78,54,21,#4e3615,1614,1240543,0.1
2021-09-16,PIPO45,Ambient,Drought,65-96,33-64,33-64,74,60,41,#4a3c29,812,1240543,0.1
2021-09-16,PIPO45,Ambient,Drought,97-128,161-192,97-128,124,166,109,#7ca66d,1045,1240543,0.1
2021-09-16,PIPO49,Ambient,Drought,1-32,65-96,1-32,29,69,19,#1d4513,1474,1481815,0.1
2021-09-16,PIPO49,Ambient,Drought,161-192,161-192,97-128,170,174,120,#aaae78,1618,1481815,0.1
2021-09-16,PIPO49,Ambient,Drought,161-192,193-224,129-160,175,199,151,#afc797,1854,1481815,0.1
2021-09-16,PIPO49,Ambient,Drought,193-224,161-192,129-160,202,178,147,#cab293,1697,1481815,0.1
2021-09-16,PIPO49,Ambient,Drought,193-224,161-192,161-192,201,187,169,#c9bba9,871,1481815,0.1
2021-09-16,PIPO49,Ambient,Drought,193-224,193-224,161-192,203,203,178,#cbcbb2,1907,1481815,0.1
2021-09-16,PIPO49,Ambient,Drought,65-96,129-160,33-64,91,132,58,#5b843a,1522,1481815,0.1
2021-09-16,PIPO49,Ambient,Drought,65-96,129-160,97-128,93,135,102,#5d8766,750,1481815,0.1
2021-09-16,PIPO49,Ambient,Drought,65-96,33-64,1-32,78,55,23,#4e3717,867,1481815,0.1
2021-09-16,PIPO49,Ambient,Drought,65-96,33-64,33-64,74,60,42,#4a3c2a,913,1481815,0.1
2021-09-16,PIPO49,Ambient,Drought,65-96,65-96,1-32,72,81,27,#48511b,1672,1481815,0.1
2021-09-16,PIPO49,Ambient,Drought,65-96,97-128,1-32,75,104,28,#4b681c,1012,1481815,0.1
2021-09-16,PIPO49,Ambient,Drought,97-128,129-160,129-160,124,149,132,#7c9584,1682,1481815,0.1
2021-09-16,PIPO10,Ambient+HW,Drought,129-160,161-192,161-192,157,181,163,#9db5a3,311,1623523,0
2021-09-16,PIPO10,Ambient+HW,Drought,129-160,193-224,97-128,154,195,122,#9ac37a,385,1623523,0
2021-09-16,PIPO10,Ambient+HW,Drought,161-192,129-160,129-160,168,156,138,#a89c8a,511,1623523,0
2021-09-16,PIPO10,Ambient+HW,Drought,161-192,161-192,97-128,169,174,122,#a9ae7a,605,1623523,0
2021-09-16,PIPO10,Ambient+HW,Drought,161-192,193-224,97-128,165,199,124,#a5c77c,138,1623523,0
2021-09-16,PIPO10,Ambient+HW,Drought,161-192,225-256,161-192,188,228,172,#bce4ac,179,1623523,0
2021-09-16,PIPO10,Ambient+HW,Drought,193-224,161-192,129-160,200,178,147,#c8b293,263,1623523,0
2021-09-16,PIPO10,Ambient+HW,Drought,193-224,161-192,161-192,199,187,169,#c7bba9,129,1623523,0
2021-09-16,PIPO10,Ambient+HW,Drought,193-224,225-256,161-192,199,231,182,#c7e7b6,501,1623523,0
2021-09-16,PIPO10,Ambient+HW,Drought,193-224,225-256,193-224,212,233,205,#d4e9cd,613,1623523,0
2021-09-16,PIPO10,Ambient+HW,Drought,65-96,97-128,97-128,94,116,99,#5e7463,131,1623523,0
2021-09-16,PIPO10,Ambient+HW,Drought,97-128,129-160,129-160,126,147,131,#7e9383,584,1623523,0
2021-09-16,PIPO14,Ambient,Drought,1-32,33-64,33-64,30,51,36,#1e3324,220,1352400,0
2021-09-16,PIPO14,Ambient,Drought,129-160,161-192,65-96,148,164,91,#94a45b,131,1352400,0
2021-09-16,PIPO14,Ambient,Drought,129-160,193-224,161-192,156,198,166,#9cc6a6,295,1352400,0
2021-09-16,PIPO14,Ambient,Drought,161-192,97-128,65-96,166,124,79,#a67c4f,231,1352400,0
2021-09-16,PIPO14,Ambient,Drought,193-224,129-160,97-128,197,156,109,#c59c6d,104,1352400,0
2021-09-16,PIPO14,Ambient,Drought,193-224,161-192,161-192,200,187,167,#c8bba7,111,1352400,0
2021-09-16,PIPO14,Ambient,Drought,193-224,161-192,97-128,200,171,120,#c8ab78,514,1352400,0
2021-09-16,PIPO14,Ambient,Drought,193-224,193-224,129-160,206,201,153,#cec999,445,1352400,0
2021-09-16,PIPO14,Ambient,Drought,193-224,193-224,193-224,207,214,200,#cfd6c8,510,1352400,0
2021-09-16,PIPO14,Ambient,Drought,225-256,193-224,161-192,229,214,169,#e5d6a9,114,1352400,0
2021-09-16,PIPO14,Ambient,Drought,33-64,1-32,1-32,56,29,8,#381d08,127,1352400,0
2021-09-16,PIPO14,Ambient,Drought,33-64,97-128,1-32,58,99,27,#3a631b,166,1352400,0
2021-09-16,PIPO14,Ambient,Drought,33-64,97-128,65-96,61,105,70,#3d6946,595,1352400,0
2021-09-16,PIPO14,Ambient,Drought,65-96,129-160,33-64,85,132,61,#55843d,212,1352400,0
2021-09-16,PIPO14,Ambient,Drought,65-96,97-128,1-32,72,103,29,#48671d,100,1352400,0
2021-09-16,PIPO14,Ambient,Drought,97-128,129-160,33-64,110,133,61,#6e853d,133,1352400,0
2021-09-16,PIPO14,Ambient,Drought,97-128,33-64,1-32,102,60,21,#663c15,204,1352400,0
2021-09-16,PIPO23,Ambient+HW,Drought,1-32,33-64,33-64,30,52,35,#1e3423,241,1835670,0
2021-09-16,PIPO23,Ambient+HW,Drought,129-160,161-192,65-96,136,166,93,#88a65d,570,1835670,0
2021-09-16,PIPO23,Ambient+HW,Drought,129-160,193-224,161-192,157,197,166,#9dc5a6,249,1835670,0
2021-09-16,PIPO23,Ambient+HW,Drought,129-160,97-128,33-64,135,106,61,#876a3d,106,1835670,0
2021-09-16,PIPO23,Ambient+HW,Drought,161-192,161-192,97-128,169,172,122,#a9ac7a,851,1835670,0
2021-09-16,PIPO23,Ambient+HW,Drought,193-224,161-192,161-192,200,187,169,#c8bba9,649,1835670,0
2021-09-16,PIPO23,Ambient+HW,Drought,193-224,193-224,129-160,200,203,155,#c8cb9b,115,1835670,0
2021-09-16,PIPO23,Ambient+HW,Drought,193-224,193-224,193-224,206,213,200,#ced5c8,488,1835670,0
2021-09-16,PIPO23,Ambient+HW,Drought,193-224,225-256,193-224,212,230,208,#d4e6d0,102,1835670,0
2021-09-16,PIPO23,Ambient+HW,Drought,33-64,65-96,65-96,61,87,68,#3d5744,521,1835670,0
2021-09-16,PIPO23,Ambient+HW,Drought,33-64,97-128,1-32,58,100,27,#3a641b,594,1835670,0
2021-09-16,PIPO23,Ambient+HW,Drought,33-64,97-128,65-96,62,105,69,#3e6945,299,1835670,0
2021-09-16,PIPO23,Ambient+HW,Drought,65-96,129-160,97-128,93,135,101,#5d8765,593,1835670,0
2021-09-16,PIPO23,Ambient+HW,Drought,65-96,97-128,1-32,75,103,29,#4b671d,487,1835670,0
2021-09-16,PIPO23,Ambient+HW,Drought,97-128,161-192,129-160,125,167,133,#7da785,395,1835670,0
2021-09-16,PIPO23,Ambient+HW,Drought,97-128,161-192,65-96,122,165,90,#7aa55a,811,1835670,0
2021-09-16,PIPO29,Ambient+HW,Drought,1-32,65-96,1-32,30,68,11,#1e440b,292,1554758,0
2021-09-16,PIPO29,Ambient+HW,Drought,129-160,193-224,97-128,155,195,121,#9bc379,624,1554758,0
2021-09-16,PIPO29,Ambient+HW,Drought,129-160,97-128,33-64,137,115,55,#897337,433,1554758,0
2021-09-16,PIPO29,Ambient+HW,Drought,161-192,129-160,65-96,167,147,88,#a79358,232,1554758,0
2021-09-16,PIPO29,Ambient+HW,Drought,161-192,193-224,97-128,174,197,124,#aec57c,603,1554758,0
2021-09-16,PIPO29,Ambient+HW,Drought,193-224,161-192,129-160,201,184,143,#c9b88f,659,1554758,0
2021-09-16,PIPO29,Ambient+HW,Drought,193-224,161-192,161-192,197,187,169,#c5bba9,102,1554758,0
2021-09-16,PIPO29,Ambient+HW,Drought,193-224,193-224,193-224,204,214,198,#ccd6c6,384,1554758,0
2021-09-16,PIPO29,Ambient+HW,Drought,193-224,225-256,161-192,207,228,185,#cfe4b9,109,1554758,0
2021-09-16,PIPO29,Ambient+HW,Drought,193-224,225-256,193-224,212,231,203,#d4e7cb,116,1554758,0
2021-09-16,PIPO29,Ambient+HW,Drought,97-128,129-160,129-160,126,146,131,#7e9283,190,1554758,0
2021-09-16,PIPO29,Ambient+HW,Drought,97-128,65-96,1-32,105,84,26,#69541a,447,1554758,0
2021-09-16,PIPO34,Ambient+HW,Drought,129-160,161-192,65-96,133,165,93,#85a55d,120,1533243,0
2021-09-16,PIPO34,Ambient+HW,Drought,129-160,193-224,129-160,157,195,145,#9dc391,311,1533243,0
2021-09-16,PIPO34,Ambient+HW,Drought,161-192,129-160,65-96,168,137,91,#a8895b,145,1533243,0
2021-09-16,PIPO34,Ambient+HW,Drought,161-192,193-224,193-224,188,210,196,#bcd2c4,106,1533243,0
2021-09-16,PIPO34,Ambient+HW,Drought,193-224,161-192,161-192,200,187,168,#c8bba8,277,1533243,0
2021-09-16,PIPO34,Ambient+HW,Drought,193-224,161-192,97-128,199,168,122,#c7a87a,106,1533243,0
2021-09-16,PIPO34,Ambient+HW,Drought,193-224,193-224,129-160,204,197,155,#ccc59b,241,1533243,0
2021-09-16,PIPO34,Ambient+HW,Drought,193-224,193-224,193-224,203,212,200,#cbd4c8,683,1533243,0
2021-09-16,PIPO34,Ambient+HW,Drought,33-64,65-96,65-96,61,84,68,#3d5444,193,1533243,0
2021-09-16,PIPO34,Ambient+HW,Drought,33-64,97-128,1-32,60,99,28,#3c631c,152,1533243,0
2021-09-16,PIPO34,Ambient+HW,Drought,65-96,129-160,33-64,92,132,56,#5c8438,407,1533243,0
2021-09-16,PIPO34,Ambient+HW,Drought,65-96,129-160,97-128,94,138,101,#5e8a65,121,1533243,0
2021-09-16,PIPO34,Ambient+HW,Drought,65-96,97-128,1-32,70,103,29,#46671d,369,1533243,0
2021-09-16,PIPO34,Ambient+HW,Drought,97-128,129-160,33-64,102,136,60,#66883c,728,1533243,0
2021-09-16,PIPO34,Ambient+HW,Drought,97-128,161-192,129-160,126,166,133,#7ea685,202,1533243,0
2021-09-16,PIPO34,Ambient+HW,Drought,97-128,161-192,65-96,124,163,88,#7ca358,224,1533243,0
2021-09-16,PIPO39,Ambient,Drought,1-32,33-64,33-64,29,54,36,#1d3624,190,1326007,0
2021-09-16,PIPO39,Ambient,Drought,129-160,161-192,161-192,156,180,164,#9cb4a4,172,1326007,0
2021-09-16,PIPO39,Ambient,Drought,129-160,161-192,65-96,136,164,93,#88a45d,204,1326007,0
2021-09-16,PIPO39,Ambient,Drought,129-160,193-224,129-160,157,196,142,#9dc48e,300,1326007,0
2021-09-16,PIPO39,Ambient,Drought,129-160,97-128,33-64,134,105,61,#86693d,113,1326007,0
2021-09-16,PIPO39,Ambient,Drought,161-192,129-160,65-96,171,144,89,#ab9059,157,1326007,0
2021-09-16,PIPO39,Ambient,Drought,193-224,161-192,97-128,197,176,117,#c5b075,145,1326007,0
2021-09-16,PIPO39,Ambient,Drought,193-224,193-224,129-160,204,197,152,#ccc598,294,1326007,0
2021-09-16,PIPO39,Ambient,Drought,193-224,193-224,193-224,209,211,199,#d1d3c7,432,1326007,0
2021-09-16,PIPO39,Ambient,Drought,33-64,65-96,65-96,61,86,68,#3d5644,474,1326007,0
2021-09-16,PIPO39,Ambient,Drought,33-64,97-128,65-96,61,102,70,#3d6646,120,1326007,0
2021-09-16,PIPO39,Ambient,Drought,65-96,129-160,97-128,93,134,101,#5d8665,127,1326007,0
2021-09-16,PIPO39,Ambient,Drought,65-96,65-96,1-32,75,76,29,#4b4c1d,634,1326007,0
2021-09-16,PIPO39,Ambient,Drought,65-96,97-128,1-32,69,106,29,#456a1d,278,1326007,0
2021-09-16,PIPO39,Ambient,Drought,97-128,129-160,33-64,103,137,61,#67893d,543,1326007,0
2021-09-16,PIPO39,Ambient,Drought,97-128,161-192,129-160,126,164,133,#7ea485,104,1326007,0
2021-09-16,PIPO39,Ambient,Drought,97-128,161-192,65-96,121,164,91,#79a45b,524,1326007,0
2021-09-16,PIPO42,Ambient+HW,Drought,1-32,65-96,1-32,29,69,6,#1d4506,549,1258303,0
2021-09-16,PIPO42,Ambient+HW,Drought,129-160,129-160,33-64,135,144,60,#87903c,168,1258303,0
2021-09-16,PIPO42,Ambient+HW,Drought,129-160,193-224,129-160,157,195,142,#9dc38e,165,1258303,0
2021-09-16,PIPO42,Ambient+HW,Drought,129-160,193-224,97-128,156,196,118,#9cc476,282,1258303,0
2021-09-16,PIPO42,Ambient+HW,Drought,129-160,65-96,33-64,133,92,49,#855c31,454,1258303,0
2021-09-16,PIPO42,Ambient+HW,Drought,161-192,161-192,65-96,170,165,92,#aaa55c,185,1258303,0
2021-09-16,PIPO42,Ambient+HW,Drought,161-192,193-224,97-128,167,198,122,#a7c67a,511,1258303,0
2021-09-16,PIPO42,Ambient+HW,Drought,161-192,97-128,65-96,164,124,82,#a47c52,330,1258303,0
2021-09-16,PIPO42,Ambient+HW,Drought,193-224,161-192,97-128,198,167,120,#c6a778,493,1258303,0
2021-09-16,PIPO42,Ambient+HW,Drought,193-224,193-224,129-160,203,203,153,#cbcb99,315,1258303,0
2021-09-16,PIPO42,Ambient+HW,Drought,193-224,225-256,161-192,209,231,183,#d1e7b7,259,1258303,0
2021-09-16,PIPO42,Ambient+HW,Drought,193-224,225-256,193-224,215,229,202,#d7e5ca,154,1258303,0
2021-09-16,PIPO42,Ambient+HW,Drought,225-256,193-224,193-224,231,220,200,#e7dcc8,285,1258303,0
2021-09-16,PIPO42,Ambient+HW,Drought,225-256,225-256,193-224,237,231,208,#ede7d0,288,1258303,0
2021-09-16,PIPO42,Ambient+HW,Drought,33-64,1-32,1-32,55,30,9,#371e09,113,1258303,0
2021-09-16,PIPO42,Ambient+HW,Drought,97-128,161-192,97-128,126,164,107,#7ea46b,436,1258303,0
2021-09-16,PIPO42,Ambient+HW,Drought,97-128,33-64,1-32,101,61,21,#653d15,272,1258303,0
2021-09-16,PIPO44,Ambient,Drought,1-32,65-96,33-64,30,68,38,#1e4426,123,1330557,0
2021-09-16,PIPO44,Ambient,Drought,129-160,161-192,161-192,157,179,164,#9db3a4,422,1330557,0
2021-09-16,PIPO44,Ambient,Drought,129-160,65-96,33-64,132,93,58,#845d3a,125,1330557,0
2021-09-16,PIPO44,Ambient,Drought,129-160,97-128,33-64,135,103,61,#87673d,271,1330557,0
2021-09-16,PIPO44,Ambient,Drought,161-192,129-160,65-96,169,138,91,#a98a5b,332,1330557,0
2021-09-16,PIPO44,Ambient,Drought,161-192,161-192,97-128,176,168,121,#b0a879,604,1330557,0
2021-09-16,PIPO44,Ambient,Drought,161-192,193-224,129-160,172,196,150,#acc496,238,1330557,0
2021-09-16,PIPO44,Ambient,Drought,161-192,97-128,65-96,164,125,88,#a47d58,120,1330557,0
2021-09-16,PIPO44,Ambient,Drought,193-224,161-192,97-128,196,168,120,#c4a878,119,1330557,0
2021-09-16,PIPO44,Ambient,Drought,193-224,193-224,193-224,209,209,200,#d1d1c8,296,1330557,0
2021-09-16,PIPO44,Ambient,Drought,33-64,97-128,65-96,62,101,70,#3e6546,374,1330557,0
2021-09-16,PIPO44,Ambient,Drought,65-96,129-160,97-128,92,135,105,#5c8769,476,1330557,0
2021-09-16,PIPO44,Ambient,Drought,65-96,65-96,1-32,76,70,29,#4c461d,318,1330557,0
2021-09-16,PIPO44,Ambient,Drought,97-128,161-192,129-160,124,165,135,#7ca587,233,1330557,0
2021-09-16,PIPO44,Ambient,Drought,97-128,161-192,97-128,123,163,119,#7ba377,163,1330557,0
2021-09-16,PIPO45,Ambient,Drought,1-32,65-96,1-32,30,68,18,#1e4412,317,1240543,0
2021-09-16,PIPO45,Ambient,Drought,129-160,161-192,161-192,158,180,163,#9eb4a3,127,1240543,0
2021-09-16,PIPO45,Ambient,Drought,129-160,193-224,129-160,156,196,144,#9cc490,183,1240543,0
2021-09-16,PIPO45,Ambient,Drought,129-160,97-128,33-64,137,107,61,#896b3d,492,1240543,0
2021-09-16,PIPO45,Ambient,Drought,161-192,129-160,65-96,169,142,90,#a98e5a,561,1240543,0
2021-09-16,PIPO45,Ambient,Drought,161-192,193-224,97-128,170,196,124,#aac47c,227,1240543,0
2021-09-16,PIPO45,Ambient,Drought,161-192,97-128,65-96,166,123,85,#a67b55,209,1240543,0
2021-09-16,PIPO45,Ambient,Drought,193-224,225-256,161-192,209,228,183,#d1e4b7,321,1240543,0
2021-09-16,PIPO45,Ambient,Drought,193-224,225-256,193-224,213,231,204,#d5e7cc,501,1240543,0
2021-09-16,PIPO45,Ambient,Drought,225-256,193-224,161-192,229,214,179,#e5d6b3,432,1240543,0
2021-09-16,PIPO45,Ambient,Drought,225-256,193-224,193-224,230,218,201,#e6dac9,102,1240543,0
2021-09-16,PIPO45,Ambient,Drought,225-256,225-256,193-224,235,235,209,#ebebd1,198,1240543,0
2021-09-16,PIPO45,Ambient,Drought,33-64,65-96,65-96,60,87,68,#3c5744,229,1240543,0
2021-09-16,PIPO45,Ambient,Drought,65-96,129-160,33-64,91,132,59,#5b843b,326,1240543,0
2021-09-16,PIPO45,Ambient,Drought,65-96,97-128,1-32,75,103,28,#4b671c,487,1240543,0
2021-09-16,PIPO45,Ambient,Drought,65-96,97-128,97-128,93,117,99,#5d7563,426,1240543,0
2021-09-16,PIPO45,Ambient,Drought,97-128,129-160,129-160,125,146,131,#7d9283,468,1240543,0
2021-09-16,PIPO45,Ambient,Drought,97-128,161-192,65-96,123,163,89,#7ba359,185,1240543,0
2021-09-16,PIPO45,Ambient,Drought,97-128,33-64,1-32,103,58,24,#673a18,482,1240543,0
2021-09-16,PIPO45,Ambient,Drought,97-128,65-96,1-32,106,72,29,#6a481d,325,1240543,0
2021-09-16,PIPO49,Ambient,Drought,1-32,33-64,33-64,30,52,36,#1e3424,148,1481815,0
2021-09-16,PIPO49,Ambient,Drought,129-160,161-192,161-192,155,183,164,#9bb7a4,635,1481815,0
2021-09-16,PIPO49,Ambient,Drought,129-160,193-224,129-160,157,195,149,#9dc395,253,1481815,0
2021-09-16,PIPO49,Ambient,Drought,129-160,193-224,161-192,156,196,169,#9cc4a9,251,1481815,0
2021-09-16,PIPO49,Ambient,Drought,129-160,65-96,33-64,135,90,55,#875a37,307,1481815,0
2021-09-16,PIPO49,Ambient,Drought,129-160,97-128,33-64,139,104,60,#8b683c,333,1481815,0
2021-09-16,PIPO49,Ambient,Drought,161-192,129-160,65-96,172,137,91,#ac895b,294,1481815,0
2021-09-16,PIPO49,Ambient,Drought,161-192,97-128,65-96,166,122,84,#a67a54,316,1481815,0
2021-09-16,PIPO49,Ambient,Drought,193-224,129-160,97-128,197,155,117,#c59b75,144,1481815,0
2021-09-16,PIPO49,Ambient,Drought,193-224,161-192,97-128,200,167,123,#c8a77b,182,1481815,0
2021-09-16,PIPO49,Ambient,Drought,193-224,193-224,129-160,202,199,156,#cac79c,117,1481815,0
2021-09-16,PIPO49,Ambient,Drought,193-224,193-224,193-224,207,212,199,#cfd4c7,519,1481815,0
2021-09-16,PIPO49,Ambient,Drought,33-64,65-96,65-96,61,87,68,#3d5744,680,1481815,0
2021-09-16,PIPO49,Ambient,Drought,33-64,97-128,1-32,58,99,28,#3a631c,239,1481815,0
2021-09-16,PIPO49,Ambient,Drought,33-64,97-128,65-96,61,104,69,#3d6845,380,1481815,0
2021-09-16,PIPO49,Ambient,Drought,97-128,161-192,129-160,125,166,135,#7da687,315,1481815,0
2021-09-16,PIPO49,Ambient,Drought,97-128,161-192,65-96,124,163,88,#7ca358,521,1481815,0
